{"cameraMode":{"drawMode":0,"name":"Shaded","section":"Shading Mode"},"sceneLighting":false,"audioPlay":false,"sceneViewState":{"showFog":true,"showMaterialUpdate":true,"showSkybox":false,"showFlares":true,"showImageEffects":true,"showParticleSystems":true},"in2DMode":false,"pivot":{"x":0.0,"y":-0.033651672303676608,"z":-0.026901930570602418},"rotation":{"x":-0.1525479555130005,"y":0.5646893978118897,"z":-0.1071271225810051,"w":-0.8039883971214294},"size":0.4863309860229492,"orthographic":false}