{"cameraMode":{"drawMode":0,"name":"Shaded","section":"Shading Mode"},"sceneLighting":false,"audioPlay":false,"sceneViewState":{"showFog":true,"showMaterialUpdate":true,"showSkybox":false,"showFlares":true,"showImageEffects":true,"showParticleSystems":true},"in2DMode":false,"pivot":{"x":-0.00008237720612669364,"y":-0.0023890985175967218,"z":-0.014768754132091999},"rotation":{"x":-0.20253370702266694,"y":-0.023198993876576425,"z":0.004809478297829628,"w":-0.9789994359016419},"size":1.2040393352508546,"orthographic":false}