{"cameraMode":{"drawMode":0,"name":"Shaded","section":"Shading Mode"},"sceneLighting":true,"audioPlay":false,"sceneViewState":{"showFog":true,"showMaterialUpdate":true,"showSkybox":true,"showFlares":true,"showImageEffects":true,"showParticleSystems":true},"in2DMode":false,"pivot":{"x":18.94040298461914,"y":20.077455520629884,"z":-6.216063022613525},"rotation":{"x":-0.25712573528289797,"y":0.3979421555995941,"z":-0.11726360023021698,"w":-0.8728250861167908},"size":49.06206130981445,"orthographic":false}