{"cameraMode":{"drawMode":0,"name":"Shaded","section":"Shading Mode"},"sceneLighting":true,"audioPlay":false,"sceneViewState":{"showFog":true,"showMaterialUpdate":true,"showSkybox":false,"showFlares":true,"showImageEffects":true,"showParticleSystems":true},"in2DMode":false,"pivot":{"x":-0.22099316120147706,"y":1.113271951675415,"z":10.962055206298829},"rotation":{"x":0.07473576813936234,"y":-0.6512037515640259,"z":0.06468099355697632,"w":0.7524420022964478},"size":2.93375301361084,"orthographic":false}