{"cameraMode":{"drawMode":0,"name":"Shaded","section":"Shading Mode"},"sceneLighting":true,"audioPlay":false,"sceneViewState":{"showFog":true,"showMaterialUpdate":true,"showSkybox":true,"showFlares":true,"showImageEffects":true,"showParticleSystems":true},"in2DMode":false,"pivot":{"x":9.219385147094727,"y":-17.57511329650879,"z":19.572341918945314},"rotation":{"x":-0.3628859519958496,"y":0.5906645059585571,"z":-0.33625325560569765,"w":-0.6375154256820679},"size":46.73167419433594,"orthographic":false}