{"cameraMode":{"drawMode":0,"name":"Shaded","section":"Shading Mode"},"sceneLighting":true,"audioPlay":false,"sceneViewState":{"showFog":true,"showMaterialUpdate":true,"showSkybox":true,"showFlares":true,"showImageEffects":true,"showParticleSystems":true},"in2DMode":false,"pivot":{"x":5.0138397216796879,"y":-14.8311767578125,"z":25.19049835205078},"rotation":{"x":-0.3628859519958496,"y":0.5906645059585571,"z":-0.33625325560569765,"w":-0.6375154256820679},"size":117.62759399414063,"orthographic":false}