{"cameraMode":{"drawMode":0,"name":"Shaded","section":"Shading Mode"},"sceneLighting":true,"audioPlay":false,"sceneViewState":{"showFog":false,"showMaterialUpdate":false,"showSkybox":false,"showFlares":false,"showImageEffects":false,"showParticleSystems":false},"in2DMode":false,"pivot":{"x":-17.540115356445314,"y":-0.21079635620117188,"z":-6.779548645019531},"rotation":{"x":-0.1075393483042717,"y":-0.885075032711029,"z":0.2535402476787567,"w":-0.3753242790699005},"size":88.5904541015625,"orthographic":false}