{"cameraMode":{"drawMode":0,"name":"Shaded","section":"Shading Mode"},"sceneLighting":true,"audioPlay":false,"sceneViewState":{"showFog":true,"showMaterialUpdate":true,"showSkybox":true,"showFlares":true,"showImageEffects":true,"showParticleSystems":true},"in2DMode":false,"pivot":{"x":16.72785758972168,"y":1.4364285469055176,"z":34.947265625},"rotation":{"x":-0.062830850481987,"y":0.06342379003763199,"z":-0.004005221650004387,"w":-0.9960071444511414},"size":3.0631282329559328,"orthographic":false}