{"cameraMode":{"drawMode":0,"name":"Shaded","section":"Shading Mode"},"sceneLighting":false,"audioPlay":false,"sceneViewState":{"showFog":true,"showMaterialUpdate":true,"showSkybox":false,"showFlares":true,"showImageEffects":true,"showParticleSystems":true},"in2DMode":false,"pivot":{"x":-0.5010649561882019,"y":-0.0583210326731205,"z":-0.13101112842559815},"rotation":{"x":0.08557648211717606,"y":-0.7336150407791138,"z":0.0940483808517456,"w":0.6675692200660706},"size":1.6787126064300538,"orthographic":false}