{"cameraMode":{"drawMode":0,"name":"Shaded","section":"Shading Mode"},"sceneLighting":true,"audioPlay":false,"sceneViewState":{"showFog":true,"showMaterialUpdate":true,"showSkybox":true,"showFlares":true,"showImageEffects":true,"showParticleSystems":true},"in2DMode":false,"pivot":{"x":8.333261489868164,"y":1.2480583190917969,"z":8.517635345458985},"rotation":{"x":-0.033138666301965716,"y":-0.8813353180885315,"z":0.46726474165916445,"w":-0.06246342882514},"size":118.08015441894531,"orthographic":false}