{"cameraMode":{"drawMode":0,"name":"Shaded","section":"Shading Mode"},"sceneLighting":true,"audioPlay":false,"sceneViewState":{"showFog":true,"showMaterialUpdate":true,"showSkybox":true,"showFlares":true,"showImageEffects":true,"showParticleSystems":true},"in2DMode":false,"pivot":{"x":-15.915563583374024,"y":1.3567581176757813,"z":-2.1839828491210939},"rotation":{"x":0.2773926556110382,"y":0.34097662568092348,"z":-0.10602135211229325,"w":0.891977071762085},"size":45.60817337036133,"orthographic":false}