{"cameraMode":{"drawMode":0,"name":"Shaded","section":"Shading Mode"},"sceneLighting":true,"audioPlay":false,"sceneViewState":{"showFog":true,"showMaterialUpdate":true,"showSkybox":false,"showFlares":true,"showImageEffects":true,"showParticleSystems":true},"in2DMode":false,"pivot":{"x":-0.02300971746444702,"y":1.1125354766845704,"z":11.247836112976075},"rotation":{"x":0.09264881908893585,"y":-0.06804956495761872,"z":0.006346872542053461,"w":0.9933506846427918},"size":3.3267624378204347,"orthographic":false}