{"cameraMode":{"drawMode":0,"name":"Shaded","section":"Shading Mode"},"sceneLighting":true,"audioPlay":false,"sceneViewState":{"showFog":true,"showMaterialUpdate":true,"showSkybox":true,"showFlares":true,"showImageEffects":true,"showParticleSystems":true},"in2DMode":false,"pivot":{"x":0.8700000047683716,"y":1.6579999923706055,"z":1.0399999618530274},"rotation":{"x":0.34506046772003176,"y":-0.24771471321582795,"z":0.09494124352931977,"w":0.9003105163574219},"size":5.445234775543213,"orthographic":false}