{"cameraMode":{"drawMode":0,"name":"Shaded","section":"Shading Mode"},"sceneLighting":true,"audioPlay":false,"sceneViewState":{"showFog":true,"showMaterialUpdate":true,"showSkybox":true,"showFlares":true,"showImageEffects":true,"showParticleSystems":true},"in2DMode":false,"pivot":{"x":0.0,"y":2.384000062942505,"z":0.4100000262260437},"rotation":{"x":0.03567752614617348,"y":-0.8536625504493713,"z":0.05899634212255478,"w":0.5162441730499268},"size":3.366142988204956,"orthographic":false}