{"cameraMode":{"drawMode":0,"name":"Shaded","section":"Shading Mode"},"sceneLighting":true,"audioPlay":false,"sceneViewState":{"showFog":true,"showMaterialUpdate":true,"showSkybox":true,"showFlares":true,"showImageEffects":true,"showParticleSystems":true},"in2DMode":false,"pivot":{"x":0.26668834686279299,"y":0.41999998688697817,"z":5.6817498207092289},"rotation":{"x":0.14613936841487885,"y":-0.4344885051250458,"z":0.07168235629796982,"w":0.8858521580696106},"size":1.541043996810913,"orthographic":false}