{"cameraMode":{"drawMode":0,"name":"Shaded","section":"Shading Mode"},"sceneLighting":true,"audioPlay":false,"sceneViewState":{"showFog":true,"showMaterialUpdate":true,"showSkybox":true,"showFlares":true,"showImageEffects":true,"showParticleSystems":true},"in2DMode":false,"pivot":{"x":-1.0331802368164063,"y":-20.98747444152832,"z":2.476496696472168},"rotation":{"x":-0.2104923576116562,"y":0.7478734850883484,"z":-0.2789722681045532,"w":-0.5644538998603821},"size":146.00375366210938,"orthographic":false}